sidoname,cityname,pm10value,pm25value,datetime
경기,가평군,33,13,2022-02-23T23:00:00.000Z
경기,고양시,23,9,2022-02-23T23:00:00.000Z
경기,과천시,15,3,2022-02-23T23:00:00.000Z
경기,광명시,18,3,2022-02-23T23:00:00.000Z
경기,광주시,23,5,2022-02-23T23:00:00.000Z
경기,구리시,21,8,2022-02-23T23:00:00.000Z
경기,군포시,18,2,2022-02-23T23:00:00.000Z
경기,김포시,22,11,2022-02-23T23:00:00.000Z
경기,남양주시,28,8,2022-02-23T23:00:00.000Z
경기,동두천시,32,12,2022-02-23T23:00:00.000Z
경기,부천시,20,8,2022-02-23T23:00:00.000Z
경기,성남시,20,7,2022-02-23T23:00:00.000Z
경기,수원시,18,3,2022-02-23T23:00:00.000Z
경기,시흥시,18,8,2022-02-23T23:00:00.000Z
경기,안산시,19,9,2022-02-23T23:00:00.000Z
경기,안성시,18,4,2022-02-23T23:00:00.000Z
경기,안양시,19,6,2022-02-23T23:00:00.000Z
경기,양주시,25,9,2022-02-23T23:00:00.000Z
경기,양평군,27,11,2022-02-23T23:00:00.000Z
경기,여주시,31,16,2022-02-23T23:00:00.000Z
경기,연천군,null,17,2022-02-23T23:00:00.000Z
경기,오산시,13,7,2022-02-23T23:00:00.000Z
경기,용인시,22,8,2022-02-23T23:00:00.000Z
경기,의왕시,18,3,2022-02-23T23:00:00.000Z
경기,의정부시,25,9,2022-02-23T23:00:00.000Z
경기,이천시,19,7,2022-02-23T23:00:00.000Z
경기,파주시,26,9,2022-02-23T23:00:00.000Z
경기,평택시,18,8,2022-02-23T23:00:00.000Z
경기,포천시,28,13,2022-02-23T23:00:00.000Z
경기,하남시,24,8,2022-02-23T23:00:00.000Z
경기,화성시,17,6,2022-02-23T23:00:00.000Z
경기,가평군,76,44,2022-02-26T15:00:00.000Z
경기,고양시,59,19,2022-02-26T15:00:00.000Z
경기,과천시,57,38,2022-02-26T15:00:00.000Z
경기,광명시,60,30,2022-02-26T15:00:00.000Z
경기,광주시,66,38,2022-02-26T15:00:00.000Z
경기,구리시,59,25,2022-02-26T15:00:00.000Z
경기,군포시,54,27,2022-02-26T15:00:00.000Z
경기,김포시,54,20,2022-02-26T15:00:00.000Z
경기,남양주시,63,34,2022-02-26T15:00:00.000Z
경기,동두천시,93,27,2022-02-26T15:00:00.000Z
경기,부천시,52,25,2022-02-26T15:00:00.000Z
경기,성남시,66,38,2022-02-26T15:00:00.000Z
경기,수원시,62,31,2022-02-26T15:00:00.000Z
경기,시흥시,49,24,2022-02-26T15:00:00.000Z
경기,안산시,50,24,2022-02-26T15:00:00.000Z
경기,안성시,67,32,2022-02-26T15:00:00.000Z
경기,안양시,59,30,2022-02-26T15:00:00.000Z
경기,양주시,59,25,2022-02-26T15:00:00.000Z
경기,양평군,79,49,2022-02-26T15:00:00.000Z
경기,여주시,90,41,2022-02-26T15:00:00.000Z
경기,연천군,null,31,2022-02-26T15:00:00.000Z
경기,오산시,50,26,2022-02-26T15:00:00.000Z
경기,용인시,63,39,2022-02-26T15:00:00.000Z
경기,의왕시,54,33,2022-02-26T15:00:00.000Z
경기,의정부시,52,30,2022-02-26T15:00:00.000Z
경기,이천시,68,38,2022-02-26T15:00:00.000Z
경기,파주시,76,22,2022-02-26T15:00:00.000Z
경기,평택시,62,26,2022-02-26T15:00:00.000Z
경기,포천시,53,32,2022-02-26T15:00:00.000Z
경기,하남시,55,25,2022-02-26T15:00:00.000Z
경기,화성시,51,26,2022-02-26T15:00:00.000Z
경기,과천시,54,26,2022-02-26T17:00:00.000Z
경기,광명시,51,25,2022-02-26T17:00:00.000Z
경기,광주시,57,32,2022-02-26T17:00:00.000Z
경기,구리시,53,26,2022-02-26T17:00:00.000Z
경기,군포시,45,22,2022-02-26T17:00:00.000Z
경기,김포시,43,21,2022-02-26T17:00:00.000Z
경기,남양주시,55,30,2022-02-26T17:00:00.000Z
경기,동두천시,43,22,2022-02-26T17:00:00.000Z
경기,부천시,47,22,2022-02-26T17:00:00.000Z
경기,성남시,50,28,2022-02-26T17:00:00.000Z
경기,수원시,50,24,2022-02-26T17:00:00.000Z
경기,시흥시,48,23,2022-02-26T17:00:00.000Z
경기,안산시,44,19,2022-02-26T17:00:00.000Z
경기,안성시,59,31,2022-02-26T17:00:00.000Z
경기,안양시,47,25,2022-02-26T17:00:00.000Z
경기,양주시,42,24,2022-02-26T17:00:00.000Z
경기,양평군,67,35,2022-02-26T17:00:00.000Z
경기,여주시,68,34,2022-02-26T17:00:00.000Z
경기,연천군,null,30,2022-02-26T17:00:00.000Z
경기,오산시,46,27,2022-02-26T17:00:00.000Z
경기,용인시,56,30,2022-02-26T17:00:00.000Z
경기,의왕시,55,27,2022-02-26T17:00:00.000Z
경기,의정부시,41,32,2022-02-26T17:00:00.000Z
경기,이천시,63,32,2022-02-26T17:00:00.000Z
경기,파주시,59,20,2022-02-26T17:00:00.000Z
경기,평택시,63,25,2022-02-26T17:00:00.000Z
경기,포천시,43,29,2022-02-26T17:00:00.000Z
경기,하남시,54,24,2022-02-26T17:00:00.000Z
경기,화성시,52,25,2022-02-26T17:00:00.000Z
경기,가평군,35,19,2022-02-24T11:00:00.000Z
경기,고양시,29,10,2022-02-24T11:00:00.000Z
경기,과천시,42,20,2022-02-24T11:00:00.000Z
경기,광명시,43,29,2022-02-24T11:00:00.000Z
경기,광주시,45,26,2022-02-24T11:00:00.000Z
경기,구리시,55,24,2022-02-24T11:00:00.000Z
경기,군포시,33,8,2022-02-24T11:00:00.000Z
경기,김포시,37,19,2022-02-24T11:00:00.000Z
경기,남양주시,41,22,2022-02-24T11:00:00.000Z
경기,동두천시,44,24,2022-02-24T11:00:00.000Z
경기,부천시,53,30,2022-02-24T11:00:00.000Z
경기,성남시,31,20,2022-02-24T11:00:00.000Z
경기,수원시,41,26,2022-02-24T11:00:00.000Z
경기,시흥시,41,24,2022-02-24T11:00:00.000Z
경기,안산시,39,21,2022-02-24T11:00:00.000Z
경기,안성시,38,21,2022-02-24T11:00:00.000Z
경기,안양시,38,21,2022-02-24T11:00:00.000Z
경기,양주시,29,15,2022-02-24T11:00:00.000Z
경기,양평군,32,22,2022-02-24T11:00:00.000Z
경기,여주시,39,20,2022-02-24T11:00:00.000Z
경기,연천군,null,16,2022-02-24T11:00:00.000Z
경기,오산시,31,20,2022-02-24T11:00:00.000Z
경기,용인시,47,28,2022-02-24T11:00:00.000Z
경기,의왕시,33,19,2022-02-24T11:00:00.000Z
경기,의정부시,30,18,2022-02-24T11:00:00.000Z
경기,이천시,25,11,2022-02-24T11:00:00.000Z
경기,파주시,46,33,2022-02-24T11:00:00.000Z
경기,평택시,37,13,2022-02-24T11:00:00.000Z
경기,포천시,51,20,2022-02-24T11:00:00.000Z
경기,하남시,39,18,2022-02-24T11:00:00.000Z
경기,화성시,37,17,2022-02-24T11:00:00.000Z
경기,가평군,75,38,2022-02-26T17:00:00.000Z
경기,고양시,47,19,2022-02-26T17:00:00.000Z
경기,가평군,64,51,2022-02-25T12:00:00.000Z
경기,고양시,78,48,2022-02-25T12:00:00.000Z
경기,과천시,75,49,2022-02-25T12:00:00.000Z
경기,광명시,83,65,2022-02-25T12:00:00.000Z
경기,광주시,80,67,2022-02-25T12:00:00.000Z
경기,구리시,73,49,2022-02-25T12:00:00.000Z
경기,군포시,70,45,2022-02-25T12:00:00.000Z
경기,김포시,85,62,2022-02-25T12:00:00.000Z
경기,남양주시,69,45,2022-02-25T12:00:00.000Z
경기,동두천시,110,50,2022-02-25T12:00:00.000Z
경기,부천시,78,54,2022-02-25T12:00:00.000Z
경기,성남시,70,51,2022-02-25T12:00:00.000Z
경기,수원시,66,47,2022-02-25T12:00:00.000Z
경기,시흥시,88,54,2022-02-25T12:00:00.000Z
경기,안산시,72,47,2022-02-25T12:00:00.000Z
경기,안성시,92,58,2022-02-25T12:00:00.000Z
경기,안양시,76,52,2022-02-25T12:00:00.000Z
경기,양주시,69,48,2022-02-25T12:00:00.000Z
경기,양평군,59,51,2022-02-25T12:00:00.000Z
경기,여주시,64,45,2022-02-25T12:00:00.000Z
경기,연천군,null,52,2022-02-25T12:00:00.000Z
경기,오산시,70,49,2022-02-25T12:00:00.000Z
경기,용인시,75,56,2022-02-25T12:00:00.000Z
경기,의왕시,58,44,2022-02-25T12:00:00.000Z
경기,의정부시,71,50,2022-02-25T12:00:00.000Z
경기,이천시,68,45,2022-02-25T12:00:00.000Z
경기,파주시,81,71,2022-02-25T12:00:00.000Z
경기,평택시,74,46,2022-02-25T12:00:00.000Z
경기,포천시,70,53,2022-02-25T12:00:00.000Z
경기,하남시,60,35,2022-02-25T12:00:00.000Z
경기,화성시,76,49,2022-02-25T12:00:00.000Z
서울,강남구,51,26,2022-02-26T15:00:00.000Z
서울,강동구,55,27,2022-02-26T15:00:00.000Z
서울,강북구,55,28,2022-02-26T15:00:00.000Z
서울,강서구,49,20,2022-02-26T15:00:00.000Z
서울,관악구,49,23,2022-02-26T15:00:00.000Z
서울,광진구,49,25,2022-02-26T15:00:00.000Z
서울,구로구,55,28,2022-02-26T15:00:00.000Z
서울,금천구,52,27,2022-02-26T15:00:00.000Z
서울,노원구,54,25,2022-02-26T15:00:00.000Z
서울,도봉구,50,29,2022-02-26T15:00:00.000Z
서울,동대문구,54,31,2022-02-26T15:00:00.000Z
서울,동작구,51,28,2022-02-26T15:00:00.000Z
서울,마포구,52,22,2022-02-26T15:00:00.000Z
서울,서대문구,51,28,2022-02-26T15:00:00.000Z
서울,서초구,66,29,2022-02-26T15:00:00.000Z
서울,성동구,52,22,2022-02-26T15:00:00.000Z
서울,성북구,59,26,2022-02-26T15:00:00.000Z
서울,송파구,55,29,2022-02-26T15:00:00.000Z
서울,양천구,53,25,2022-02-26T15:00:00.000Z
서울,영등포구,51,23,2022-02-26T15:00:00.000Z
서울,용산구,42,25,2022-02-26T15:00:00.000Z
서울,은평구,57,32,2022-02-26T15:00:00.000Z
서울,종로구,53,30,2022-02-26T15:00:00.000Z
서울,중구,44,27,2022-02-26T15:00:00.000Z
서울,중랑구,54,32,2022-02-26T15:00:00.000Z
서울,강남구,25,10,2022-02-24T11:00:00.000Z
서울,강동구,44,19,2022-02-24T11:00:00.000Z
서울,강북구,41,24,2022-02-24T11:00:00.000Z
서울,강서구,31,9,2022-02-24T11:00:00.000Z
서울,관악구,29,15,2022-02-24T11:00:00.000Z
서울,광진구,35,22,2022-02-24T11:00:00.000Z
서울,구로구,null,null,2022-02-24T11:00:00.000Z
서울,금천구,31,19,2022-02-24T11:00:00.000Z
서울,노원구,40,28,2022-02-24T11:00:00.000Z
서울,도봉구,33,20,2022-02-24T11:00:00.000Z
서울,동대문구,26,13,2022-02-24T11:00:00.000Z
서울,동작구,36,20,2022-02-24T11:00:00.000Z
서울,마포구,32,18,2022-02-24T11:00:00.000Z
서울,서대문구,24,16,2022-02-24T11:00:00.000Z
서울,서초구,33,14,2022-02-24T11:00:00.000Z
서울,성동구,30,10,2022-02-24T11:00:00.000Z
서울,성북구,40,16,2022-02-24T11:00:00.000Z
서울,송파구,38,18,2022-02-24T11:00:00.000Z
서울,양천구,36,21,2022-02-24T11:00:00.000Z
서울,영등포구,34,19,2022-02-24T11:00:00.000Z
서울,용산구,37,20,2022-02-24T11:00:00.000Z
서울,은평구,45,16,2022-02-24T11:00:00.000Z
서울,종로구,24,17,2022-02-24T11:00:00.000Z
서울,중구,25,17,2022-02-24T11:00:00.000Z
서울,중랑구,43,21,2022-02-24T11:00:00.000Z
서울,강남구,42,23,2022-02-26T17:00:00.000Z
서울,강동구,53,26,2022-02-26T17:00:00.000Z
서울,강북구,49,28,2022-02-26T17:00:00.000Z
서울,강서구,46,17,2022-02-26T17:00:00.000Z
서울,관악구,59,21,2022-02-26T17:00:00.000Z
서울,광진구,46,22,2022-02-26T17:00:00.000Z
서울,구로구,47,26,2022-02-26T17:00:00.000Z
서울,금천구,40,21,2022-02-26T17:00:00.000Z
서울,노원구,61,41,2022-02-26T17:00:00.000Z
서울,도봉구,42,30,2022-02-26T17:00:00.000Z
서울,동대문구,45,21,2022-02-26T17:00:00.000Z
서울,동작구,42,23,2022-02-26T17:00:00.000Z
서울,마포구,48,19,2022-02-26T17:00:00.000Z
서울,서대문구,50,28,2022-02-26T17:00:00.000Z
서울,서초구,63,26,2022-02-26T17:00:00.000Z
서울,성동구,48,16,2022-02-26T17:00:00.000Z
서울,성북구,51,24,2022-02-26T17:00:00.000Z
서울,송파구,48,21,2022-02-26T17:00:00.000Z
서울,양천구,42,21,2022-02-26T17:00:00.000Z
서울,영등포구,44,21,2022-02-26T17:00:00.000Z
서울,용산구,40,24,2022-02-26T17:00:00.000Z
서울,은평구,47,30,2022-02-26T17:00:00.000Z
서울,종로구,46,22,2022-02-26T17:00:00.000Z
서울,중구,39,26,2022-02-26T17:00:00.000Z
서울,중랑구,46,25,2022-02-26T17:00:00.000Z
서울,강남구,25,12,2022-02-23T23:00:00.000Z
서울,강동구,24,8,2022-02-23T23:00:00.000Z
서울,강북구,28,8,2022-02-23T23:00:00.000Z
서울,강서구,23,8,2022-02-23T23:00:00.000Z
서울,관악구,20,7,2022-02-23T23:00:00.000Z
서울,광진구,21,9,2022-02-23T23:00:00.000Z
서울,구로구,17,3,2022-02-23T23:00:00.000Z
서울,금천구,15,7,2022-02-23T23:00:00.000Z
서울,노원구,28,11,2022-02-23T23:00:00.000Z
서울,도봉구,21,7,2022-02-23T23:00:00.000Z
서울,동대문구,20,10,2022-02-23T23:00:00.000Z
서울,동작구,24,9,2022-02-23T23:00:00.000Z
서울,마포구,20,9,2022-02-23T23:00:00.000Z
서울,서대문구,23,8,2022-02-23T23:00:00.000Z
서울,서초구,20,6,2022-02-23T23:00:00.000Z
서울,성동구,23,7,2022-02-23T23:00:00.000Z
서울,성북구,25,6,2022-02-23T23:00:00.000Z
서울,송파구,25,11,2022-02-23T23:00:00.000Z
서울,양천구,24,10,2022-02-23T23:00:00.000Z
서울,영등포구,20,8,2022-02-23T23:00:00.000Z
서울,용산구,24,12,2022-02-23T23:00:00.000Z
서울,은평구,19,14,2022-02-23T23:00:00.000Z
서울,종로구,22,9,2022-02-23T23:00:00.000Z
서울,중구,20,11,2022-02-23T23:00:00.000Z
서울,중랑구,23,9,2022-02-23T23:00:00.000Z
서울,강남구,70,49,2022-02-25T12:00:00.000Z
서울,강동구,72,49,2022-02-25T12:00:00.000Z
서울,강북구,83,62,2022-02-25T12:00:00.000Z
서울,강서구,69,47,2022-02-25T12:00:00.000Z
서울,관악구,62,44,2022-02-25T12:00:00.000Z
서울,광진구,66,53,2022-02-25T12:00:00.000Z
서울,구로구,68,53,2022-02-25T12:00:00.000Z
서울,금천구,70,53,2022-02-25T12:00:00.000Z
서울,노원구,60,41,2022-02-25T12:00:00.000Z
서울,도봉구,79,61,2022-02-25T12:00:00.000Z
서울,동대문구,73,50,2022-02-25T12:00:00.000Z
서울,동작구,74,50,2022-02-25T12:00:00.000Z
서울,마포구,54,42,2022-02-25T12:00:00.000Z
서울,서대문구,78,56,2022-02-25T12:00:00.000Z
서울,서초구,70,56,2022-02-25T12:00:00.000Z
서울,성동구,66,38,2022-02-25T12:00:00.000Z
서울,성북구,86,45,2022-02-25T12:00:00.000Z
서울,송파구,54,32,2022-02-25T12:00:00.000Z
서울,양천구,82,54,2022-02-25T12:00:00.000Z
서울,영등포구,68,54,2022-02-25T12:00:00.000Z
서울,용산구,68,48,2022-02-25T12:00:00.000Z
서울,은평구,79,59,2022-02-25T12:00:00.000Z
서울,종로구,71,57,2022-02-25T12:00:00.000Z
서울,중구,68,59,2022-02-25T12:00:00.000Z
서울,중랑구,78,54,2022-02-25T12:00:00.000Z
경북,경산시,63,35,2022-02-26T15:00:00.000Z
경북,경주시,52,34,2022-02-26T15:00:00.000Z
경북,고령군,58,24,2022-02-26T15:00:00.000Z
경북,구미시,65,42,2022-02-26T15:00:00.000Z
경북,군위군,62,48,2022-02-26T15:00:00.000Z
경북,김천시,45,22,2022-02-26T15:00:00.000Z
경북,문경시,48,26,2022-02-26T15:00:00.000Z
경북,봉화군,52,25,2022-02-26T15:00:00.000Z
경북,상주시,47,27,2022-02-26T15:00:00.000Z
경북,성주군,55,40,2022-02-26T15:00:00.000Z
경북,안동시,57,31,2022-02-26T15:00:00.000Z
경북,영덕군,50,32,2022-02-26T15:00:00.000Z
경북,영양군,64,33,2022-02-26T15:00:00.000Z
경북,영주시,68,44,2022-02-26T15:00:00.000Z
경북,영천시,65,36,2022-02-26T15:00:00.000Z
경북,예천군,51,30,2022-02-26T15:00:00.000Z
경북,울릉군,69,37,2022-02-26T15:00:00.000Z
경북,울진군,62,38,2022-02-26T15:00:00.000Z
경북,의성군,51,30,2022-02-26T15:00:00.000Z
경북,청도군,60,37,2022-02-26T15:00:00.000Z
경북,청송군,72,41,2022-02-26T15:00:00.000Z
경북,칠곡군,69,50,2022-02-26T15:00:00.000Z
경북,포항시,62,33,2022-02-26T15:00:00.000Z
경북,김천시,42,19,2022-02-26T17:00:00.000Z
경북,문경시,50,21,2022-02-26T17:00:00.000Z
경북,봉화군,43,18,2022-02-26T17:00:00.000Z
경북,상주시,35,28,2022-02-26T17:00:00.000Z
경북,성주군,35,19,2022-02-26T17:00:00.000Z
경북,안동시,53,27,2022-02-26T17:00:00.000Z
경북,영덕군,44,29,2022-02-26T17:00:00.000Z
경북,영양군,50,23,2022-02-26T17:00:00.000Z
경북,영주시,62,30,2022-02-26T17:00:00.000Z
경북,영천시,68,24,2022-02-26T17:00:00.000Z
경북,예천군,59,28,2022-02-26T17:00:00.000Z
경북,울릉군,87,44,2022-02-26T17:00:00.000Z
경북,울진군,51,34,2022-02-26T17:00:00.000Z
경북,의성군,39,23,2022-02-26T17:00:00.000Z
경북,청도군,49,35,2022-02-26T17:00:00.000Z
경북,청송군,51,35,2022-02-26T17:00:00.000Z
경북,칠곡군,31,21,2022-02-26T17:00:00.000Z
경북,포항시,55,29,2022-02-26T17:00:00.000Z
경북,경산시,62,40,2022-02-25T12:00:00.000Z
경북,경주시,56,32,2022-02-25T12:00:00.000Z
경북,고령군,49,29,2022-02-25T12:00:00.000Z
경북,구미시,56,36,2022-02-25T12:00:00.000Z
경북,군위군,51,29,2022-02-25T12:00:00.000Z
경북,김천시,64,39,2022-02-25T12:00:00.000Z
경북,문경시,56,39,2022-02-25T12:00:00.000Z
경북,봉화군,40,21,2022-02-25T12:00:00.000Z
경북,상주시,50,41,2022-02-25T12:00:00.000Z
경북,성주군,49,29,2022-02-25T12:00:00.000Z
경북,안동시,56,36,2022-02-25T12:00:00.000Z
경북,영덕군,45,28,2022-02-25T12:00:00.000Z
경북,영양군,51,28,2022-02-25T12:00:00.000Z
경북,영주시,76,46,2022-02-25T12:00:00.000Z
경북,영천시,54,27,2022-02-25T12:00:00.000Z
경북,예천군,54,34,2022-02-25T12:00:00.000Z
경북,울릉군,41,21,2022-02-25T12:00:00.000Z
경북,울진군,54,32,2022-02-25T12:00:00.000Z
경북,의성군,44,23,2022-02-25T12:00:00.000Z
경북,청도군,39,33,2022-02-25T12:00:00.000Z
경북,청송군,54,31,2022-02-25T12:00:00.000Z
경북,칠곡군,61,35,2022-02-25T12:00:00.000Z
경북,포항시,60,32,2022-02-25T12:00:00.000Z
경북,경산시,22,14,2022-02-23T23:00:00.000Z
경북,경주시,23,15,2022-02-23T23:00:00.000Z
경북,고령군,20,8,2022-02-23T23:00:00.000Z
경북,구미시,23,14,2022-02-23T23:00:00.000Z
경북,군위군,18,6,2022-02-23T23:00:00.000Z
경북,김천시,28,12,2022-02-23T23:00:00.000Z
경북,문경시,26,16,2022-02-23T23:00:00.000Z
경북,봉화군,23,16,2022-02-23T23:00:00.000Z
경북,상주시,22,null,2022-02-23T23:00:00.000Z
경북,성주군,19,11,2022-02-23T23:00:00.000Z
경북,안동시,26,16,2022-02-23T23:00:00.000Z
경북,영덕군,24,16,2022-02-23T23:00:00.000Z
경북,영양군,24,8,2022-02-23T23:00:00.000Z
경북,영주시,42,19,2022-02-23T23:00:00.000Z
경북,영천시,15,11,2022-02-23T23:00:00.000Z
경북,예천군,35,14,2022-02-23T23:00:00.000Z
경북,울릉군,23,6,2022-02-23T23:00:00.000Z
경북,울진군,17,11,2022-02-23T23:00:00.000Z
경북,의성군,22,14,2022-02-23T23:00:00.000Z
경북,청도군,25,18,2022-02-23T23:00:00.000Z
경북,청송군,27,14,2022-02-23T23:00:00.000Z
경북,칠곡군,29,12,2022-02-23T23:00:00.000Z
경북,포항시,30,17,2022-02-23T23:00:00.000Z
경북,경산시,38,20,2022-02-24T11:00:00.000Z
경북,경주시,21,10,2022-02-24T11:00:00.000Z
경북,고령군,null,null,2022-02-24T11:00:00.000Z
경북,구미시,22,13,2022-02-24T11:00:00.000Z
경북,군위군,21,7,2022-02-24T11:00:00.000Z
경북,김천시,23,7,2022-02-24T11:00:00.000Z
경북,문경시,18,8,2022-02-24T11:00:00.000Z
경북,봉화군,30,11,2022-02-24T11:00:00.000Z
경북,상주시,16,16,2022-02-24T11:00:00.000Z
경북,성주군,33,14,2022-02-24T11:00:00.000Z
경북,안동시,18,10,2022-02-24T11:00:00.000Z
경북,영덕군,21,9,2022-02-24T11:00:00.000Z
경북,영양군,27,9,2022-02-24T11:00:00.000Z
경북,영주시,47,25,2022-02-24T11:00:00.000Z
경북,영천시,21,11,2022-02-24T11:00:00.000Z
경북,예천군,23,10,2022-02-24T11:00:00.000Z
경북,울릉군,22,10,2022-02-24T11:00:00.000Z
경북,울진군,19,10,2022-02-24T11:00:00.000Z
경북,의성군,33,22,2022-02-24T11:00:00.000Z
경북,청도군,17,12,2022-02-24T11:00:00.000Z
경북,청송군,24,10,2022-02-24T11:00:00.000Z
경북,칠곡군,26,11,2022-02-24T11:00:00.000Z
경북,포항시,28,10,2022-02-24T11:00:00.000Z
경북,경산시,52,20,2022-02-26T17:00:00.000Z
경북,경주시,50,31,2022-02-26T17:00:00.000Z
경북,고령군,43,20,2022-02-26T17:00:00.000Z
경북,구미시,44,24,2022-02-26T17:00:00.000Z
경북,군위군,42,25,2022-02-26T17:00:00.000Z
강원,인제군,24,13,2022-02-23T23:00:00.000Z
강원,정선군,31,10,2022-02-23T23:00:00.000Z
강원,철원군,42,13,2022-02-23T23:00:00.000Z
강원,춘천시,32,20,2022-02-23T23:00:00.000Z
강원,태백시,24,11,2022-02-23T23:00:00.000Z
강원,평창군,25,16,2022-02-23T23:00:00.000Z
강원,홍천군,38,19,2022-02-23T23:00:00.000Z
강원,화천군,34,20,2022-02-23T23:00:00.000Z
강원,횡성군,31,20,2022-02-23T23:00:00.000Z
강원,강릉시,25,14,2022-02-23T23:00:00.000Z
강원,고성군,21,16,2022-02-23T23:00:00.000Z
강원,동해시,22,19,2022-02-23T23:00:00.000Z
강원,삼척시,19,10,2022-02-23T23:00:00.000Z
강원,속초시,19,9,2022-02-23T23:00:00.000Z
강원,양구군,29,16,2022-02-23T23:00:00.000Z
강원,양양군,17,12,2022-02-23T23:00:00.000Z
강원,영월군,28,19,2022-02-23T23:00:00.000Z
강원,원주시,29,18,2022-02-23T23:00:00.000Z
강원,인제군,90,49,2022-02-26T17:00:00.000Z
강원,정선군,83,39,2022-02-26T17:00:00.000Z
강원,철원군,66,38,2022-02-26T17:00:00.000Z
강원,춘천시,58,43,2022-02-26T17:00:00.000Z
강원,태백시,50,26,2022-02-26T17:00:00.000Z
강원,평창군,63,34,2022-02-26T17:00:00.000Z
강원,홍천군,81,39,2022-02-26T17:00:00.000Z
강원,화천군,74,50,2022-02-26T17:00:00.000Z
강원,횡성군,63,40,2022-02-26T17:00:00.000Z
강원,인제군,96,64,2022-02-26T15:00:00.000Z
강원,정선군,77,40,2022-02-26T15:00:00.000Z
강원,철원군,73,45,2022-02-26T15:00:00.000Z
강원,춘천시,70,55,2022-02-26T15:00:00.000Z
강원,태백시,59,26,2022-02-26T15:00:00.000Z
강원,평창군,65,34,2022-02-26T15:00:00.000Z
강원,홍천군,88,57,2022-02-26T15:00:00.000Z
강원,화천군,80,70,2022-02-26T15:00:00.000Z
강원,횡성군,77,49,2022-02-26T15:00:00.000Z
강원,강릉시,78,35,2022-02-26T15:00:00.000Z
강원,고성군,75,61,2022-02-26T15:00:00.000Z
강원,동해시,53,41,2022-02-26T15:00:00.000Z
강원,삼척시,43,37,2022-02-26T15:00:00.000Z
강원,속초시,61,41,2022-02-26T15:00:00.000Z
강원,양구군,65,62,2022-02-26T15:00:00.000Z
강원,양양군,82,45,2022-02-26T15:00:00.000Z
강원,영월군,63,44,2022-02-26T15:00:00.000Z
강원,원주시,64,38,2022-02-26T15:00:00.000Z
강원,인제군,57,34,2022-02-25T12:00:00.000Z
강원,정선군,66,32,2022-02-25T12:00:00.000Z
강원,철원군,78,50,2022-02-25T12:00:00.000Z
강원,춘천시,67,48,2022-02-25T12:00:00.000Z
강원,태백시,40,19,2022-02-25T12:00:00.000Z
강원,평창군,62,40,2022-02-25T12:00:00.000Z
강원,홍천군,54,39,2022-02-25T12:00:00.000Z
강원,화천군,48,46,2022-02-25T12:00:00.000Z
강원,횡성군,61,45,2022-02-25T12:00:00.000Z
강원,강릉시,123,35,2022-02-26T17:00:00.000Z
강원,고성군,83,62,2022-02-26T17:00:00.000Z
강원,동해시,53,40,2022-02-26T17:00:00.000Z
강원,삼척시,41,37,2022-02-26T17:00:00.000Z
강원,속초시,91,45,2022-02-26T17:00:00.000Z
강원,양구군,60,58,2022-02-26T17:00:00.000Z
강원,양양군,64,63,2022-02-26T17:00:00.000Z
강원,영월군,61,41,2022-02-26T17:00:00.000Z
강원,원주시,59,34,2022-02-26T17:00:00.000Z
강원,강릉시,65,28,2022-02-25T12:00:00.000Z
강원,고성군,53,33,2022-02-25T12:00:00.000Z
강원,동해시,36,30,2022-02-25T12:00:00.000Z
강원,삼척시,23,null,2022-02-25T12:00:00.000Z
강원,속초시,44,25,2022-02-25T12:00:00.000Z
강원,양구군,null,null,2022-02-25T12:00:00.000Z
강원,양양군,51,30,2022-02-25T12:00:00.000Z
강원,영월군,56,39,2022-02-25T12:00:00.000Z
강원,원주시,66,43,2022-02-25T12:00:00.000Z
강원,인제군,29,11,2022-02-24T11:00:00.000Z
강원,정선군,47,14,2022-02-24T11:00:00.000Z
강원,철원군,53,21,2022-02-24T11:00:00.000Z
강원,춘천시,38,22,2022-02-24T11:00:00.000Z
강원,태백시,24,8,2022-02-24T11:00:00.000Z
강원,평창군,29,16,2022-02-24T11:00:00.000Z
강원,홍천군,37,18,2022-02-24T11:00:00.000Z
강원,화천군,28,16,2022-02-24T11:00:00.000Z
강원,횡성군,null,null,2022-02-24T11:00:00.000Z
강원,강릉시,null,null,2022-02-24T11:00:00.000Z
강원,고성군,29,9,2022-02-24T11:00:00.000Z
강원,동해시,34,13,2022-02-24T11:00:00.000Z
강원,삼척시,12,11,2022-02-24T11:00:00.000Z
강원,속초시,19,4,2022-02-24T11:00:00.000Z
강원,양구군,41,34,2022-02-24T11:00:00.000Z
강원,양양군,21,2,2022-02-24T11:00:00.000Z
강원,영월군,34,18,2022-02-24T11:00:00.000Z
강원,원주시,42,25,2022-02-24T11:00:00.000Z
전남,무안군,29,14,2022-02-24T11:00:00.000Z
전남,보성군,34,24,2022-02-24T11:00:00.000Z
전남,순천시,21,13,2022-02-24T11:00:00.000Z
전남,신안군,22,13,2022-02-24T11:00:00.000Z
전남,여수시,27,21,2022-02-24T11:00:00.000Z
전남,영광군,36,27,2022-02-24T11:00:00.000Z
전남,영암군,41,27,2022-02-24T11:00:00.000Z
전남,완도군,33,8,2022-02-24T11:00:00.000Z
전남,장성군,41,23,2022-02-24T11:00:00.000Z
전남,장흥군,29,15,2022-02-24T11:00:00.000Z
전남,진도군,30,12,2022-02-24T11:00:00.000Z
전남,함평군,null,null,2022-02-24T11:00:00.000Z
전남,해남군,34,15,2022-02-24T11:00:00.000Z
전남,화순군,32,13,2022-02-24T11:00:00.000Z
전남,강진군,23,16,2022-02-24T11:00:00.000Z
전남,고흥군,20,17,2022-02-24T11:00:00.000Z
전남,곡성군,32,null,2022-02-24T11:00:00.000Z
전남,광양시,27,16,2022-02-24T11:00:00.000Z
전남,구례군,37,11,2022-02-24T11:00:00.000Z
전남,나주시,29,21,2022-02-24T11:00:00.000Z
전남,담양군,26,8,2022-02-24T11:00:00.000Z
전남,목포시,28,9,2022-02-24T11:00:00.000Z
전남,강진군,11,4,2022-02-23T23:00:00.000Z
전남,고흥군,13,5,2022-02-23T23:00:00.000Z
전남,곡성군,18,null,2022-02-23T23:00:00.000Z
전남,광양시,17,8,2022-02-23T23:00:00.000Z
전남,구례군,21,6,2022-02-23T23:00:00.000Z
전남,나주시,12,3,2022-02-23T23:00:00.000Z
전남,담양군,15,2,2022-02-23T23:00:00.000Z
전남,목포시,17,6,2022-02-23T23:00:00.000Z
전남,무안군,39,16,2022-02-26T15:00:00.000Z
전남,보성군,44,31,2022-02-26T15:00:00.000Z
전남,순천시,43,25,2022-02-26T15:00:00.000Z
전남,신안군,27,10,2022-02-26T15:00:00.000Z
전남,여수시,44,29,2022-02-26T15:00:00.000Z
전남,영광군,43,20,2022-02-26T15:00:00.000Z
전남,영암군,47,23,2022-02-26T15:00:00.000Z
전남,완도군,43,16,2022-02-26T15:00:00.000Z
전남,장성군,52,21,2022-02-26T15:00:00.000Z
전남,장흥군,52,20,2022-02-26T15:00:00.000Z
전남,진도군,36,14,2022-02-26T15:00:00.000Z
전남,함평군,33,16,2022-02-26T15:00:00.000Z
전남,해남군,47,22,2022-02-26T15:00:00.000Z
전남,화순군,37,26,2022-02-26T15:00:00.000Z
전남,무안군,21,7,2022-02-23T23:00:00.000Z
전남,보성군,18,6,2022-02-23T23:00:00.000Z
전남,순천시,16,9,2022-02-23T23:00:00.000Z
전남,신안군,16,2,2022-02-23T23:00:00.000Z
전남,여수시,19,10,2022-02-23T23:00:00.000Z
전남,영광군,17,10,2022-02-23T23:00:00.000Z
전남,영암군,18,12,2022-02-23T23:00:00.000Z
전남,완도군,5,null,2022-02-23T23:00:00.000Z
전남,장성군,9,7,2022-02-23T23:00:00.000Z
전남,장흥군,8,3,2022-02-23T23:00:00.000Z
전남,진도군,19,8,2022-02-23T23:00:00.000Z
전남,함평군,14,4,2022-02-23T23:00:00.000Z
전남,해남군,13,7,2022-02-23T23:00:00.000Z
전남,화순군,17,10,2022-02-23T23:00:00.000Z
전남,강진군,33,19,2022-02-26T17:00:00.000Z
전남,고흥군,53,19,2022-02-26T17:00:00.000Z
전남,곡성군,47,null,2022-02-26T17:00:00.000Z
전남,광양시,42,22,2022-02-26T17:00:00.000Z
전남,구례군,35,14,2022-02-26T17:00:00.000Z
전남,나주시,40,21,2022-02-26T17:00:00.000Z
전남,담양군,46,12,2022-02-26T17:00:00.000Z
전남,목포시,43,17,2022-02-26T17:00:00.000Z
전남,무안군,38,19,2022-02-26T17:00:00.000Z
전남,보성군,39,19,2022-02-26T17:00:00.000Z
전남,순천시,36,18,2022-02-26T17:00:00.000Z
전남,신안군,28,17,2022-02-26T17:00:00.000Z
전남,여수시,33,17,2022-02-26T17:00:00.000Z
전남,영광군,41,26,2022-02-26T17:00:00.000Z
전남,영암군,48,22,2022-02-26T17:00:00.000Z
전남,완도군,34,19,2022-02-26T17:00:00.000Z
전남,장성군,49,22,2022-02-26T17:00:00.000Z
전남,장흥군,44,16,2022-02-26T17:00:00.000Z
전남,진도군,41,22,2022-02-26T17:00:00.000Z
전남,함평군,41,24,2022-02-26T17:00:00.000Z
전남,해남군,44,22,2022-02-26T17:00:00.000Z
전남,화순군,32,15,2022-02-26T17:00:00.000Z
전남,무안군,41,25,2022-02-25T12:00:00.000Z
전남,보성군,51,37,2022-02-25T12:00:00.000Z
전남,순천시,35,19,2022-02-25T12:00:00.000Z
전남,신안군,40,22,2022-02-25T12:00:00.000Z
전남,여수시,42,30,2022-02-25T12:00:00.000Z
전남,영광군,48,34,2022-02-25T12:00:00.000Z
전남,영암군,71,43,2022-02-25T12:00:00.000Z
전남,완도군,50,23,2022-02-25T12:00:00.000Z
전남,장성군,45,29,2022-02-25T12:00:00.000Z
전남,장흥군,43,22,2022-02-25T12:00:00.000Z
전남,진도군,null,null,2022-02-25T12:00:00.000Z
전남,함평군,53,40,2022-02-25T12:00:00.000Z
전남,해남군,null,null,2022-02-25T12:00:00.000Z
전남,화순군,42,5,2022-02-25T12:00:00.000Z
전남,강진군,28,19,2022-02-25T12:00:00.000Z
전남,고흥군,43,32,2022-02-25T12:00:00.000Z
전남,곡성군,65,null,2022-02-25T12:00:00.000Z
전남,광양시,47,24,2022-02-25T12:00:00.000Z
전남,구례군,65,22,2022-02-25T12:00:00.000Z
전남,나주시,35,26,2022-02-25T12:00:00.000Z
전남,담양군,45,27,2022-02-25T12:00:00.000Z
전남,목포시,44,25,2022-02-25T12:00:00.000Z
전남,강진군,36,20,2022-02-26T15:00:00.000Z
전남,고흥군,49,22,2022-02-26T15:00:00.000Z
전남,곡성군,43,null,2022-02-26T15:00:00.000Z
전남,광양시,47,28,2022-02-26T15:00:00.000Z
전남,구례군,55,23,2022-02-26T15:00:00.000Z
전남,나주시,50,24,2022-02-26T15:00:00.000Z
전남,담양군,62,33,2022-02-26T15:00:00.000Z
전남,목포시,50,14,2022-02-26T15:00:00.000Z
경남,거제시,24,12,2022-02-23T23:00:00.000Z
경남,거창군,13,6,2022-02-23T23:00:00.000Z
경남,고성군,22,12,2022-02-23T23:00:00.000Z
경남,김해시,26,14,2022-02-23T23:00:00.000Z
경남,남해군,19,12,2022-02-23T23:00:00.000Z
경남,밀양시,26,16,2022-02-23T23:00:00.000Z
경남,사천시,24,13,2022-02-23T23:00:00.000Z
경남,산청군,14,6,2022-02-23T23:00:00.000Z
경남,양산시,24,19,2022-02-23T23:00:00.000Z
경남,의령군,14,4,2022-02-23T23:00:00.000Z
경남,진주시,16,9,2022-02-23T23:00:00.000Z
경남,창녕군,23,15,2022-02-23T23:00:00.000Z
경남,창원시,20,12,2022-02-23T23:00:00.000Z
경남,통영시,17,16,2022-02-23T23:00:00.000Z
경남,하동군,17,10,2022-02-23T23:00:00.000Z
경남,함안군,29,19,2022-02-23T23:00:00.000Z
경남,함양군,13,9,2022-02-23T23:00:00.000Z
경남,합천군,10,8,2022-02-23T23:00:00.000Z
경남,거제시,47,33,2022-02-26T15:00:00.000Z
경남,거창군,37,16,2022-02-26T15:00:00.000Z
경남,고성군,51,35,2022-02-26T15:00:00.000Z
경남,김해시,60,35,2022-02-26T15:00:00.000Z
경남,남해군,58,27,2022-02-26T15:00:00.000Z
경남,밀양시,56,34,2022-02-26T15:00:00.000Z
경남,사천시,51,31,2022-02-26T15:00:00.000Z
경남,산청군,50,27,2022-02-26T15:00:00.000Z
경남,양산시,66,43,2022-02-26T15:00:00.000Z
경남,의령군,49,24,2022-02-26T15:00:00.000Z
경남,진주시,57,32,2022-02-26T15:00:00.000Z
경남,창녕군,57,36,2022-02-26T15:00:00.000Z
경남,창원시,52,29,2022-02-26T15:00:00.000Z
경남,통영시,59,33,2022-02-26T15:00:00.000Z
경남,하동군,53,27,2022-02-26T15:00:00.000Z
경남,함안군,47,31,2022-02-26T15:00:00.000Z
경남,함양군,44,19,2022-02-26T15:00:00.000Z
경남,합천군,38,22,2022-02-26T15:00:00.000Z
경남,거제시,41,29,2022-02-26T17:00:00.000Z
경남,거창군,36,19,2022-02-26T17:00:00.000Z
경남,고성군,47,26,2022-02-26T17:00:00.000Z
경남,김해시,55,30,2022-02-26T17:00:00.000Z
경남,남해군,37,22,2022-02-26T17:00:00.000Z
경남,밀양시,58,31,2022-02-26T17:00:00.000Z
경남,사천시,37,22,2022-02-26T17:00:00.000Z
경남,산청군,37,25,2022-02-26T17:00:00.000Z
경남,양산시,54,29,2022-02-26T17:00:00.000Z
경남,의령군,42,22,2022-02-26T17:00:00.000Z
경남,진주시,49,27,2022-02-26T17:00:00.000Z
경남,창녕군,51,29,2022-02-26T17:00:00.000Z
경남,창원시,48,27,2022-02-26T17:00:00.000Z
경남,통영시,48,26,2022-02-26T17:00:00.000Z
경남,하동군,44,25,2022-02-26T17:00:00.000Z
경남,함안군,40,26,2022-02-26T17:00:00.000Z
경남,함양군,39,18,2022-02-26T17:00:00.000Z
경남,합천군,32,21,2022-02-26T17:00:00.000Z
경남,거제시,40,32,2022-02-25T12:00:00.000Z
경남,거창군,40,25,2022-02-25T12:00:00.000Z
경남,고성군,35,20,2022-02-25T12:00:00.000Z
경남,김해시,46,25,2022-02-25T12:00:00.000Z
경남,남해군,55,31,2022-02-25T12:00:00.000Z
경남,밀양시,46,29,2022-02-25T12:00:00.000Z
경남,사천시,36,22,2022-02-25T12:00:00.000Z
경남,산청군,39,27,2022-02-25T12:00:00.000Z
경남,양산시,42,27,2022-02-25T12:00:00.000Z
경남,의령군,37,33,2022-02-25T12:00:00.000Z
경남,진주시,36,23,2022-02-25T12:00:00.000Z
경남,창녕군,38,27,2022-02-25T12:00:00.000Z
경남,창원시,39,24,2022-02-25T12:00:00.000Z
경남,통영시,33,23,2022-02-25T12:00:00.000Z
경남,하동군,37,23,2022-02-25T12:00:00.000Z
경남,함안군,36,27,2022-02-25T12:00:00.000Z
경남,함양군,47,33,2022-02-25T12:00:00.000Z
경남,합천군,40,27,2022-02-25T12:00:00.000Z
경남,거제시,20,11,2022-02-24T11:00:00.000Z
경남,거창군,null,null,2022-02-24T11:00:00.000Z
경남,고성군,20,12,2022-02-24T11:00:00.000Z
경남,김해시,26,13,2022-02-24T11:00:00.000Z
경남,남해군,19,10,2022-02-24T11:00:00.000Z
경남,밀양시,18,12,2022-02-24T11:00:00.000Z
경남,사천시,27,17,2022-02-24T11:00:00.000Z
경남,산청군,24,12,2022-02-24T11:00:00.000Z
경남,양산시,17,13,2022-02-24T11:00:00.000Z
경남,의령군,26,23,2022-02-24T11:00:00.000Z
경남,진주시,24,15,2022-02-24T11:00:00.000Z
경남,창녕군,18,8,2022-02-24T11:00:00.000Z
경남,창원시,22,13,2022-02-24T11:00:00.000Z
경남,통영시,25,14,2022-02-24T11:00:00.000Z
경남,하동군,21,13,2022-02-24T11:00:00.000Z
경남,함안군,21,10,2022-02-24T11:00:00.000Z
경남,함양군,23,12,2022-02-24T11:00:00.000Z
경남,합천군,22,15,2022-02-24T11:00:00.000Z
부산,강서구,49,32,2022-02-25T12:00:00.000Z
부산,금정구,47,28,2022-02-25T12:00:00.000Z
부산,기장군,40,33,2022-02-25T12:00:00.000Z
부산,남구,50,29,2022-02-25T12:00:00.000Z
부산,동구,60,34,2022-02-25T12:00:00.000Z
부산,동래구,44,32,2022-02-25T12:00:00.000Z
부산,부산진구,64,37,2022-02-25T12:00:00.000Z
부산,북구,54,31,2022-02-25T12:00:00.000Z
부산,사상구,62,40,2022-02-25T12:00:00.000Z
부산,사하구,68,38,2022-02-25T12:00:00.000Z
부산,서구,53,37,2022-02-25T12:00:00.000Z
부산,수영구,null,null,2022-02-25T12:00:00.000Z
부산,연제구,42,32,2022-02-25T12:00:00.000Z
부산,영도구,48,30,2022-02-25T12:00:00.000Z
부산,중구,47,36,2022-02-25T12:00:00.000Z
부산,해운대구,52,32,2022-02-25T12:00:00.000Z
부산,강서구,27,17,2022-02-24T11:00:00.000Z
부산,금정구,21,10,2022-02-24T11:00:00.000Z
부산,기장군,22,12,2022-02-24T11:00:00.000Z
부산,남구,22,11,2022-02-24T11:00:00.000Z
부산,동구,30,15,2022-02-24T11:00:00.000Z
부산,동래구,18,14,2022-02-24T11:00:00.000Z
부산,부산진구,34,20,2022-02-24T11:00:00.000Z
부산,북구,26,14,2022-02-24T11:00:00.000Z
부산,사상구,34,19,2022-02-24T11:00:00.000Z
부산,사하구,43,17,2022-02-24T11:00:00.000Z
부산,서구,29,16,2022-02-24T11:00:00.000Z
부산,수영구,21,12,2022-02-24T11:00:00.000Z
부산,연제구,24,15,2022-02-24T11:00:00.000Z
부산,영도구,26,11,2022-02-24T11:00:00.000Z
부산,중구,21,12,2022-02-24T11:00:00.000Z
부산,해운대구,19,13,2022-02-24T11:00:00.000Z
부산,강서구,19,16,2022-02-23T23:00:00.000Z
부산,금정구,19,13,2022-02-23T23:00:00.000Z
부산,기장군,26,17,2022-02-23T23:00:00.000Z
부산,남구,19,12,2022-02-23T23:00:00.000Z
부산,동구,20,16,2022-02-23T23:00:00.000Z
부산,동래구,26,15,2022-02-23T23:00:00.000Z
부산,부산진구,26,18,2022-02-23T23:00:00.000Z
부산,북구,27,15,2022-02-23T23:00:00.000Z
부산,사상구,30,22,2022-02-23T23:00:00.000Z
부산,사하구,28,19,2022-02-23T23:00:00.000Z
부산,서구,null,14,2022-02-23T23:00:00.000Z
부산,수영구,23,13,2022-02-23T23:00:00.000Z
부산,연제구,14,12,2022-02-23T23:00:00.000Z
부산,영도구,19,12,2022-02-23T23:00:00.000Z
부산,중구,25,13,2022-02-23T23:00:00.000Z
부산,해운대구,18,16,2022-02-23T23:00:00.000Z
부산,강서구,60,42,2022-02-26T15:00:00.000Z
부산,금정구,73,48,2022-02-26T15:00:00.000Z
부산,기장군,73,51,2022-02-26T15:00:00.000Z
부산,남구,72,43,2022-02-26T15:00:00.000Z
부산,동구,81,40,2022-02-26T15:00:00.000Z
부산,동래구,67,54,2022-02-26T15:00:00.000Z
부산,부산진구,82,47,2022-02-26T15:00:00.000Z
부산,북구,78,44,2022-02-26T15:00:00.000Z
부산,사상구,66,48,2022-02-26T15:00:00.000Z
부산,사하구,65,47,2022-02-26T15:00:00.000Z
부산,서구,76,48,2022-02-26T15:00:00.000Z
부산,수영구,74,44,2022-02-26T15:00:00.000Z
부산,연제구,71,46,2022-02-26T15:00:00.000Z
부산,영도구,61,39,2022-02-26T15:00:00.000Z
부산,중구,63,47,2022-02-26T15:00:00.000Z
부산,해운대구,77,50,2022-02-26T15:00:00.000Z
부산,강서구,49,31,2022-02-26T17:00:00.000Z
부산,금정구,51,31,2022-02-26T17:00:00.000Z
부산,기장군,56,31,2022-02-26T17:00:00.000Z
부산,남구,54,28,2022-02-26T17:00:00.000Z
부산,동구,60,30,2022-02-26T17:00:00.000Z
부산,동래구,46,33,2022-02-26T17:00:00.000Z
부산,부산진구,60,29,2022-02-26T17:00:00.000Z
부산,북구,67,29,2022-02-26T17:00:00.000Z
부산,사상구,70,30,2022-02-26T17:00:00.000Z
부산,사하구,55,34,2022-02-26T17:00:00.000Z
부산,서구,63,30,2022-02-26T17:00:00.000Z
부산,수영구,66,28,2022-02-26T17:00:00.000Z
부산,연제구,46,28,2022-02-26T17:00:00.000Z
부산,영도구,48,25,2022-02-26T17:00:00.000Z
부산,중구,49,28,2022-02-26T17:00:00.000Z
부산,해운대구,57,30,2022-02-26T17:00:00.000Z
충남,공주시,57,38,2022-02-25T12:00:00.000Z
충남,금산군,56,33,2022-02-25T12:00:00.000Z
충남,논산시,78,48,2022-02-25T12:00:00.000Z
충남,당진시,65,44,2022-02-25T12:00:00.000Z
충남,보령시,66,37,2022-02-25T12:00:00.000Z
충남,부여군,36,32,2022-02-25T12:00:00.000Z
충남,서산시,62,43,2022-02-25T12:00:00.000Z
충남,서천군,59,40,2022-02-25T12:00:00.000Z
충남,아산시,76,45,2022-02-25T12:00:00.000Z
충남,예산군,57,42,2022-02-25T12:00:00.000Z
충남,천안시,62,50,2022-02-25T12:00:00.000Z
충남,청양군,60,39,2022-02-25T12:00:00.000Z
충남,태안군,62,39,2022-02-25T12:00:00.000Z
충남,홍성군,59,38,2022-02-25T12:00:00.000Z
충남,계룡시,63,45,2022-02-25T12:00:00.000Z
충남,공주시,23,14,2022-02-23T23:00:00.000Z
충남,금산군,23,15,2022-02-23T23:00:00.000Z
충남,논산시,22,14,2022-02-23T23:00:00.000Z
충남,당진시,57,14,2022-02-23T23:00:00.000Z
충남,보령시,19,9,2022-02-23T23:00:00.000Z
충남,부여군,null,null,2022-02-23T23:00:00.000Z
충남,서산시,26,10,2022-02-23T23:00:00.000Z
충남,서천군,19,8,2022-02-23T23:00:00.000Z
충남,아산시,27,11,2022-02-23T23:00:00.000Z
충남,예산군,24,13,2022-02-23T23:00:00.000Z
충남,천안시,26,10,2022-02-23T23:00:00.000Z
충남,청양군,27,20,2022-02-23T23:00:00.000Z
충남,태안군,25,11,2022-02-23T23:00:00.000Z
충남,홍성군,22,13,2022-02-23T23:00:00.000Z
충남,계룡시,26,17,2022-02-23T23:00:00.000Z
충남,공주시,35,22,2022-02-24T11:00:00.000Z
충남,금산군,39,30,2022-02-24T11:00:00.000Z
충남,논산시,36,19,2022-02-24T11:00:00.000Z
충남,당진시,37,13,2022-02-24T11:00:00.000Z
충남,보령시,36,16,2022-02-24T11:00:00.000Z
충남,부여군,null,null,2022-02-24T11:00:00.000Z
충남,서산시,32,14,2022-02-24T11:00:00.000Z
충남,서천군,30,21,2022-02-24T11:00:00.000Z
충남,아산시,40,19,2022-02-24T11:00:00.000Z
충남,예산군,30,15,2022-02-24T11:00:00.000Z
충남,천안시,38,22,2022-02-24T11:00:00.000Z
충남,청양군,38,20,2022-02-24T11:00:00.000Z
충남,태안군,27,15,2022-02-24T11:00:00.000Z
충남,홍성군,26,14,2022-02-24T11:00:00.000Z
충남,계룡시,35,2,2022-02-24T11:00:00.000Z
충남,공주시,49,24,2022-02-26T17:00:00.000Z
충남,금산군,46,24,2022-02-26T17:00:00.000Z
충남,논산시,51,24,2022-02-26T17:00:00.000Z
충남,당진시,53,21,2022-02-26T17:00:00.000Z
충남,보령시,45,22,2022-02-26T17:00:00.000Z
충남,부여군,40,15,2022-02-26T17:00:00.000Z
충남,서산시,41,23,2022-02-26T17:00:00.000Z
충남,서천군,41,20,2022-02-26T17:00:00.000Z
충남,아산시,58,27,2022-02-26T17:00:00.000Z
충남,예산군,47,26,2022-02-26T17:00:00.000Z
충남,천안시,54,28,2022-02-26T17:00:00.000Z
충남,청양군,42,24,2022-02-26T17:00:00.000Z
충남,태안군,32,15,2022-02-26T17:00:00.000Z
충남,홍성군,47,27,2022-02-26T17:00:00.000Z
충남,계룡시,56,26,2022-02-26T17:00:00.000Z
충남,공주시,56,28,2022-02-26T15:00:00.000Z
충남,금산군,59,26,2022-02-26T15:00:00.000Z
충남,논산시,58,18,2022-02-26T15:00:00.000Z
충남,당진시,61,25,2022-02-26T15:00:00.000Z
충남,보령시,47,22,2022-02-26T15:00:00.000Z
충남,부여군,59,17,2022-02-26T15:00:00.000Z
충남,서산시,45,19,2022-02-26T15:00:00.000Z
충남,서천군,48,22,2022-02-26T15:00:00.000Z
충남,아산시,68,28,2022-02-26T15:00:00.000Z
충남,예산군,48,23,2022-02-26T15:00:00.000Z
충남,천안시,60,34,2022-02-26T15:00:00.000Z
충남,청양군,48,26,2022-02-26T15:00:00.000Z
충남,태안군,34,14,2022-02-26T15:00:00.000Z
충남,홍성군,44,27,2022-02-26T15:00:00.000Z
충남,계룡시,63,17,2022-02-26T15:00:00.000Z
전북,고창군,18,4,2022-02-23T23:00:00.000Z
전북,군산시,21,7,2022-02-23T23:00:00.000Z
전북,김제시,23,18,2022-02-23T23:00:00.000Z
전북,남원시,18,9,2022-02-23T23:00:00.000Z
전북,무주군,16,8,2022-02-23T23:00:00.000Z
전북,부안군,20,10,2022-02-23T23:00:00.000Z
전북,순창군,12,3,2022-02-23T23:00:00.000Z
전북,완주군,21,12,2022-02-23T23:00:00.000Z
전북,익산시,22,12,2022-02-23T23:00:00.000Z
전북,임실군,20,10,2022-02-23T23:00:00.000Z
전북,장수군,19,5,2022-02-23T23:00:00.000Z
전북,전주시,26,13,2022-02-23T23:00:00.000Z
전북,정읍시,17,10,2022-02-23T23:00:00.000Z
전북,진안군,10,9,2022-02-23T23:00:00.000Z
전북,고창군,43,16,2022-02-26T15:00:00.000Z
전북,군산시,56,20,2022-02-26T15:00:00.000Z
전북,김제시,54,23,2022-02-26T15:00:00.000Z
전북,남원시,49,29,2022-02-26T15:00:00.000Z
전북,무주군,41,23,2022-02-26T15:00:00.000Z
전북,부안군,45,27,2022-02-26T15:00:00.000Z
전북,순창군,55,27,2022-02-26T15:00:00.000Z
전북,완주군,64,28,2022-02-26T15:00:00.000Z
전북,익산시,62,20,2022-02-26T15:00:00.000Z
전북,임실군,41,22,2022-02-26T15:00:00.000Z
전북,장수군,49,31,2022-02-26T15:00:00.000Z
전북,전주시,48,26,2022-02-26T15:00:00.000Z
전북,정읍시,40,21,2022-02-26T15:00:00.000Z
전북,진안군,48,27,2022-02-26T15:00:00.000Z
전북,남원시,43,22,2022-02-26T17:00:00.000Z
전북,무주군,38,21,2022-02-26T17:00:00.000Z
전북,부안군,68,29,2022-02-26T17:00:00.000Z
전북,순창군,36,16,2022-02-26T17:00:00.000Z
전북,완주군,44,20,2022-02-26T17:00:00.000Z
전북,익산시,54,21,2022-02-26T17:00:00.000Z
전북,임실군,34,17,2022-02-26T17:00:00.000Z
전북,장수군,48,28,2022-02-26T17:00:00.000Z
전북,전주시,50,23,2022-02-26T17:00:00.000Z
전북,정읍시,37,20,2022-02-26T17:00:00.000Z
전북,진안군,46,28,2022-02-26T17:00:00.000Z
전북,고창군,44,28,2022-02-25T12:00:00.000Z
전북,군산시,52,37,2022-02-25T12:00:00.000Z
전북,김제시,51,38,2022-02-25T12:00:00.000Z
전북,남원시,52,38,2022-02-25T12:00:00.000Z
전북,무주군,44,35,2022-02-25T12:00:00.000Z
전북,부안군,55,35,2022-02-25T12:00:00.000Z
전북,순창군,43,22,2022-02-25T12:00:00.000Z
전북,완주군,53,39,2022-02-25T12:00:00.000Z
전북,익산시,60,40,2022-02-25T12:00:00.000Z
전북,임실군,57,32,2022-02-25T12:00:00.000Z
전북,장수군,51,37,2022-02-25T12:00:00.000Z
전북,전주시,59,38,2022-02-25T12:00:00.000Z
전북,정읍시,52,36,2022-02-25T12:00:00.000Z
전북,진안군,52,36,2022-02-25T12:00:00.000Z
전북,고창군,27,16,2022-02-24T11:00:00.000Z
전북,군산시,33,16,2022-02-24T11:00:00.000Z
전북,김제시,31,29,2022-02-24T11:00:00.000Z
전북,남원시,26,16,2022-02-24T11:00:00.000Z
전북,무주군,17,11,2022-02-24T11:00:00.000Z
전북,부안군,33,20,2022-02-24T11:00:00.000Z
전북,순창군,24,9,2022-02-24T11:00:00.000Z
전북,완주군,34,14,2022-02-24T11:00:00.000Z
전북,익산시,36,18,2022-02-24T11:00:00.000Z
전북,임실군,28,14,2022-02-24T11:00:00.000Z
전북,장수군,25,13,2022-02-24T11:00:00.000Z
전북,전주시,36,21,2022-02-24T11:00:00.000Z
전북,정읍시,33,22,2022-02-24T11:00:00.000Z
전북,진안군,19,14,2022-02-24T11:00:00.000Z
전북,고창군,37,18,2022-02-26T17:00:00.000Z
전북,군산시,53,21,2022-02-26T17:00:00.000Z
전북,김제시,46,27,2022-02-26T17:00:00.000Z
충북,괴산군,32,21,2022-02-23T23:00:00.000Z
충북,단양군,27,17,2022-02-23T23:00:00.000Z
충북,보은군,21,13,2022-02-23T23:00:00.000Z
충북,영동군,28,12,2022-02-23T23:00:00.000Z
충북,옥천군,26,11,2022-02-23T23:00:00.000Z
충북,음성군,37,19,2022-02-23T23:00:00.000Z
충북,제천시,32,15,2022-02-23T23:00:00.000Z
충북,진천군,23,10,2022-02-23T23:00:00.000Z
충북,청주시,28,16,2022-02-23T23:00:00.000Z
충북,충주시,32,17,2022-02-23T23:00:00.000Z
충북,증평군,25,19,2022-02-23T23:00:00.000Z
충북,괴산군,60,37,2022-02-26T17:00:00.000Z
충북,단양군,49,36,2022-02-26T17:00:00.000Z
충북,보은군,55,22,2022-02-26T17:00:00.000Z
충북,영동군,47,21,2022-02-26T17:00:00.000Z
충북,옥천군,56,22,2022-02-26T17:00:00.000Z
충북,음성군,82,40,2022-02-26T17:00:00.000Z
충북,제천시,71,39,2022-02-26T17:00:00.000Z
충북,진천군,63,33,2022-02-26T17:00:00.000Z
충북,청주시,61,25,2022-02-26T17:00:00.000Z
충북,충주시,70,35,2022-02-26T17:00:00.000Z
충북,증평군,58,33,2022-02-26T17:00:00.000Z
충북,괴산군,46,37,2022-02-25T12:00:00.000Z
충북,단양군,80,48,2022-02-25T12:00:00.000Z
충북,보은군,43,34,2022-02-25T12:00:00.000Z
충북,영동군,53,32,2022-02-25T12:00:00.000Z
충북,옥천군,66,39,2022-02-25T12:00:00.000Z
충북,음성군,53,37,2022-02-25T12:00:00.000Z
충북,제천시,80,38,2022-02-25T12:00:00.000Z
충북,진천군,58,42,2022-02-25T12:00:00.000Z
충북,청주시,62,39,2022-02-25T12:00:00.000Z
충북,충주시,55,41,2022-02-25T12:00:00.000Z
충북,증평군,63,39,2022-02-25T12:00:00.000Z
충북,괴산군,62,43,2022-02-26T15:00:00.000Z
충북,단양군,54,41,2022-02-26T15:00:00.000Z
충북,보은군,64,35,2022-02-26T15:00:00.000Z
충북,영동군,56,23,2022-02-26T15:00:00.000Z
충북,옥천군,63,27,2022-02-26T15:00:00.000Z
충북,음성군,67,40,2022-02-26T15:00:00.000Z
충북,제천시,74,42,2022-02-26T15:00:00.000Z
충북,진천군,68,40,2022-02-26T15:00:00.000Z
충북,청주시,71,36,2022-02-26T15:00:00.000Z
충북,충주시,62,38,2022-02-26T15:00:00.000Z
충북,증평군,66,34,2022-02-26T15:00:00.000Z
충북,괴산군,32,23,2022-02-24T11:00:00.000Z
충북,단양군,47,20,2022-02-24T11:00:00.000Z
충북,보은군,25,16,2022-02-24T11:00:00.000Z
충북,영동군,21,12,2022-02-24T11:00:00.000Z
충북,옥천군,39,15,2022-02-24T11:00:00.000Z
충북,음성군,39,21,2022-02-24T11:00:00.000Z
충북,제천시,45,17,2022-02-24T11:00:00.000Z
충북,진천군,32,22,2022-02-24T11:00:00.000Z
충북,청주시,40,21,2022-02-24T11:00:00.000Z
충북,충주시,38,21,2022-02-24T11:00:00.000Z
충북,증평군,35,23,2022-02-24T11:00:00.000Z
인천,강화군,36,16,2022-02-26T15:00:00.000Z
인천,계양구,48,22,2022-02-26T15:00:00.000Z
인천,미추홀구,44,23,2022-02-26T15:00:00.000Z
인천,남동구,39,22,2022-02-26T15:00:00.000Z
인천,동구,44,19,2022-02-26T15:00:00.000Z
인천,부평구,44,21,2022-02-26T15:00:00.000Z
인천,서구,47,21,2022-02-26T15:00:00.000Z
인천,연수구,44,22,2022-02-26T15:00:00.000Z
인천,강화군,39,24,2022-02-24T11:00:00.000Z
인천,계양구,26,14,2022-02-24T11:00:00.000Z
인천,미추홀구,56,30,2022-02-24T11:00:00.000Z
인천,남동구,43,30,2022-02-24T11:00:00.000Z
인천,동구,null,null,2022-02-24T11:00:00.000Z
인천,부평구,41,23,2022-02-24T11:00:00.000Z
인천,서구,36,18,2022-02-24T11:00:00.000Z
인천,연수구,37,20,2022-02-24T11:00:00.000Z
인천,옹진군,25,15,2022-02-24T11:00:00.000Z
인천,중구,32,15,2022-02-24T11:00:00.000Z
인천,강화군,38,15,2022-02-26T17:00:00.000Z
인천,계양구,47,20,2022-02-26T17:00:00.000Z
인천,미추홀구,40,18,2022-02-26T17:00:00.000Z
인천,남동구,37,20,2022-02-26T17:00:00.000Z
인천,동구,44,19,2022-02-26T17:00:00.000Z
인천,부평구,41,21,2022-02-26T17:00:00.000Z
인천,서구,38,18,2022-02-26T17:00:00.000Z
인천,연수구,38,20,2022-02-26T17:00:00.000Z
인천,옹진군,32,18,2022-02-26T17:00:00.000Z
인천,중구,41,16,2022-02-26T17:00:00.000Z
인천,강화군,22,10,2022-02-23T23:00:00.000Z
인천,계양구,18,8,2022-02-23T23:00:00.000Z
인천,미추홀구,24,12,2022-02-23T23:00:00.000Z
인천,남동구,16,9,2022-02-23T23:00:00.000Z
인천,동구,23,9,2022-02-23T23:00:00.000Z
인천,부평구,16,6,2022-02-23T23:00:00.000Z
인천,서구,18,9,2022-02-23T23:00:00.000Z
인천,연수구,12,7,2022-02-23T23:00:00.000Z
인천,옹진군,18,9,2022-02-23T23:00:00.000Z
인천,중구,15,8,2022-02-23T23:00:00.000Z
인천,강화군,78,60,2022-02-25T12:00:00.000Z
인천,계양구,87,50,2022-02-25T12:00:00.000Z
인천,미추홀구,86,60,2022-02-25T12:00:00.000Z
인천,남동구,73,54,2022-02-25T12:00:00.000Z
인천,동구,74,47,2022-02-25T12:00:00.000Z
인천,부평구,75,53,2022-02-25T12:00:00.000Z
인천,서구,84,60,2022-02-25T12:00:00.000Z
인천,연수구,70,48,2022-02-25T12:00:00.000Z
인천,옹진군,65,47,2022-02-25T12:00:00.000Z
인천,중구,65,41,2022-02-25T12:00:00.000Z
인천,옹진군,35,21,2022-02-26T15:00:00.000Z
인천,중구,45,15,2022-02-26T15:00:00.000Z
대구,남구,24,14,2022-02-24T11:00:00.000Z
대구,달서구,26,17,2022-02-24T11:00:00.000Z
대구,달성군,26,14,2022-02-24T11:00:00.000Z
대구,동구,28,12,2022-02-24T11:00:00.000Z
대구,북구,17,9,2022-02-24T11:00:00.000Z
대구,서구,19,12,2022-02-24T11:00:00.000Z
대구,수성구,27,10,2022-02-24T11:00:00.000Z
대구,중구,22,11,2022-02-24T11:00:00.000Z
대구,남구,23,11,2022-02-23T23:00:00.000Z
대구,달서구,29,14,2022-02-23T23:00:00.000Z
대구,달성군,24,10,2022-02-23T23:00:00.000Z
대구,동구,23,11,2022-02-23T23:00:00.000Z
대구,북구,20,11,2022-02-23T23:00:00.000Z
대구,서구,22,11,2022-02-23T23:00:00.000Z
대구,수성구,24,12,2022-02-23T23:00:00.000Z
대구,중구,25,10,2022-02-23T23:00:00.000Z
대구,남구,100,25,2022-02-26T15:00:00.000Z
대구,달서구,66,26,2022-02-26T15:00:00.000Z
대구,달성군,76,22,2022-02-26T15:00:00.000Z
대구,동구,66,28,2022-02-26T15:00:00.000Z
대구,북구,54,28,2022-02-26T15:00:00.000Z
대구,서구,59,27,2022-02-26T15:00:00.000Z
대구,수성구,54,24,2022-02-26T15:00:00.000Z
대구,중구,55,26,2022-02-26T15:00:00.000Z
대구,남구,43,19,2022-02-26T17:00:00.000Z
대구,달서구,49,23,2022-02-26T17:00:00.000Z
대구,달성군,45,19,2022-02-26T17:00:00.000Z
대구,동구,65,25,2022-02-26T17:00:00.000Z
대구,북구,50,21,2022-02-26T17:00:00.000Z
대구,서구,50,24,2022-02-26T17:00:00.000Z
대구,수성구,50,18,2022-02-26T17:00:00.000Z
대구,중구,46,21,2022-02-26T17:00:00.000Z
대구,남구,63,35,2022-02-25T12:00:00.000Z
대구,달서구,56,35,2022-02-25T12:00:00.000Z
대구,달성군,54,32,2022-02-25T12:00:00.000Z
대구,동구,59,33,2022-02-25T12:00:00.000Z
대구,북구,55,32,2022-02-25T12:00:00.000Z
대구,서구,54,35,2022-02-25T12:00:00.000Z
대구,수성구,58,37,2022-02-25T12:00:00.000Z
대구,중구,53,34,2022-02-25T12:00:00.000Z
울산,남구,75,43,2022-02-26T17:00:00.000Z
울산,동구,67,37,2022-02-26T17:00:00.000Z
울산,북구,64,44,2022-02-26T17:00:00.000Z
울산,울주군,65,41,2022-02-26T17:00:00.000Z
울산,중구,64,40,2022-02-26T17:00:00.000Z
울산,남구,24,14,2022-02-23T23:00:00.000Z
울산,동구,22,12,2022-02-23T23:00:00.000Z
울산,북구,35,16,2022-02-23T23:00:00.000Z
울산,울주군,23,16,2022-02-23T23:00:00.000Z
울산,중구,18,10,2022-02-23T23:00:00.000Z
울산,남구,106,38,2022-02-26T15:00:00.000Z
울산,동구,63,38,2022-02-26T15:00:00.000Z
울산,북구,62,30,2022-02-26T15:00:00.000Z
울산,울주군,65,41,2022-02-26T15:00:00.000Z
울산,중구,58,32,2022-02-26T15:00:00.000Z
울산,남구,94,31,2022-02-25T12:00:00.000Z
울산,동구,47,26,2022-02-25T12:00:00.000Z
울산,북구,70,31,2022-02-25T12:00:00.000Z
울산,울주군,44,28,2022-02-25T12:00:00.000Z
울산,중구,47,28,2022-02-25T12:00:00.000Z
울산,남구,29,11,2022-02-24T11:00:00.000Z
울산,동구,18,8,2022-02-24T11:00:00.000Z
울산,북구,36,9,2022-02-24T11:00:00.000Z
울산,울주군,23,9,2022-02-24T11:00:00.000Z
울산,중구,22,10,2022-02-24T11:00:00.000Z
대전,대덕구,64,36,2022-02-25T12:00:00.000Z
대전,동구,58,32,2022-02-25T12:00:00.000Z
대전,서구,46,36,2022-02-25T12:00:00.000Z
대전,유성구,62,43,2022-02-25T12:00:00.000Z
대전,중구,58,43,2022-02-25T12:00:00.000Z
대전,대덕구,43,19,2022-02-24T11:00:00.000Z
대전,동구,29,20,2022-02-24T11:00:00.000Z
대전,서구,25,20,2022-02-24T11:00:00.000Z
대전,유성구,36,20,2022-02-24T11:00:00.000Z
대전,중구,36,11,2022-02-24T11:00:00.000Z
대전,대덕구,81,23,2022-02-26T15:00:00.000Z
대전,동구,63,16,2022-02-26T15:00:00.000Z
대전,서구,58,15,2022-02-26T15:00:00.000Z
대전,유성구,64,21,2022-02-26T15:00:00.000Z
대전,중구,45,11,2022-02-26T15:00:00.000Z
대전,대덕구,46,19,2022-02-26T17:00:00.000Z
대전,동구,55,21,2022-02-26T17:00:00.000Z
대전,서구,58,12,2022-02-26T17:00:00.000Z
대전,유성구,49,20,2022-02-26T17:00:00.000Z
대전,중구,43,17,2022-02-26T17:00:00.000Z
대전,대덕구,28,11,2022-02-23T23:00:00.000Z
대전,동구,19,9,2022-02-23T23:00:00.000Z
대전,서구,26,12,2022-02-23T23:00:00.000Z
대전,유성구,21,10,2022-02-23T23:00:00.000Z
대전,중구,16,9,2022-02-23T23:00:00.000Z
광주,광산구,57,37,2022-02-25T12:00:00.000Z
광주,남구,58,41,2022-02-25T12:00:00.000Z
광주,동구,77,47,2022-02-25T12:00:00.000Z
광주,북구,49,36,2022-02-25T12:00:00.000Z
광주,서구,61,43,2022-02-25T12:00:00.000Z
광주,광산구,37,19,2022-02-24T11:00:00.000Z
광주,남구,36,24,2022-02-24T11:00:00.000Z
광주,동구,28,16,2022-02-24T11:00:00.000Z
광주,북구,25,15,2022-02-24T11:00:00.000Z
광주,서구,34,22,2022-02-24T11:00:00.000Z
광주,광산구,17,9,2022-02-23T23:00:00.000Z
광주,남구,16,8,2022-02-23T23:00:00.000Z
광주,동구,13,8,2022-02-23T23:00:00.000Z
광주,북구,12,8,2022-02-23T23:00:00.000Z
광주,서구,16,6,2022-02-23T23:00:00.000Z
광주,광산구,53,24,2022-02-26T15:00:00.000Z
광주,남구,48,28,2022-02-26T15:00:00.000Z
광주,동구,50,24,2022-02-26T15:00:00.000Z
광주,북구,45,26,2022-02-26T15:00:00.000Z
광주,서구,53,26,2022-02-26T15:00:00.000Z
광주,광산구,42,19,2022-02-26T17:00:00.000Z
광주,남구,45,24,2022-02-26T17:00:00.000Z
광주,동구,44,20,2022-02-26T17:00:00.000Z
광주,북구,40,18,2022-02-26T17:00:00.000Z
광주,서구,52,21,2022-02-26T17:00:00.000Z
제주,서귀포시,41,25,2022-02-26T15:00:00.000Z
제주,제주시,39,19,2022-02-26T15:00:00.000Z
제주,서귀포시,42,23,2022-02-26T17:00:00.000Z
제주,제주시,40,22,2022-02-26T17:00:00.000Z
제주,서귀포시,14,8,2022-02-23T23:00:00.000Z
제주,제주시,15,6,2022-02-23T23:00:00.000Z
제주,서귀포시,31,18,2022-02-25T12:00:00.000Z
제주,제주시,37,20,2022-02-25T12:00:00.000Z
제주,서귀포시,20,10,2022-02-24T11:00:00.000Z
제주,제주시,21,14,2022-02-24T11:00:00.000Z
세종,세종시,61,38,2022-02-25T12:00:00.000Z
세종,세종시,48,26,2022-02-26T15:00:00.000Z
세종,세종시,24,12,2022-02-23T23:00:00.000Z
세종,세종시,38,19,2022-02-24T11:00:00.000Z
세종,세종시,43,28,2022-02-26T17:00:00.000Z
